{"cameraMode":{"drawMode":0,"name":"Shaded","section":"Shading Mode"},"sceneLighting":false,"audioPlay":false,"sceneViewState":{"showFog":true,"showMaterialUpdate":false,"showSkybox":true,"showFlares":true,"showImageEffects":true,"showParticleSystems":true},"in2DMode":false,"pivot":{"x":-3.5999999046325685,"y":18.872486114501954,"z":18.5},"rotation":{"x":-0.14496773481369019,"y":0.4044570326805115,"z":-0.06514748185873032,"w":-0.9006412625312805},"size":5.758667469024658,"orthographic":false}