{"cameraMode":{"drawMode":0,"name":"Shaded","section":"Shading Mode"},"sceneLighting":false,"audioPlay":false,"sceneViewState":{"showFog":true,"showMaterialUpdate":true,"showSkybox":true,"showFlares":true,"showImageEffects":true,"showParticleSystems":true},"in2DMode":false,"pivot":{"x":-3.5999999046325685,"y":18.872486114501954,"z":18.5},"rotation":{"x":-0.14943401515483857,"y":0.007415711879730225,"z":-0.001120776287280023,"w":-0.988743245601654},"size":5.758667469024658,"orthographic":false}