{"cameraMode":{"drawMode":0,"name":"Shaded","section":"Shading Mode"},"sceneLighting":true,"audioPlay":false,"sceneViewState":{"showFog":true,"showMaterialUpdate":true,"showSkybox":true,"showFlares":true,"showImageEffects":true,"showParticleSystems":true},"in2DMode":false,"pivot":{"x":50.393959045410159,"y":-34.38918685913086,"z":-245.88623046875},"rotation":{"x":-0.19963793456554414,"y":-0.010288232937455178,"z":0.0020920739043504,"w":-0.9798135161399841},"size":21.56371307373047,"orthographic":false}