{"cameraMode":{"drawMode":0,"name":"Shaded","section":"Shading Mode"},"sceneLighting":false,"audioPlay":false,"sceneViewState":{"showFog":true,"showMaterialUpdate":false,"showSkybox":true,"showFlares":true,"showImageEffects":true,"showParticleSystems":true},"in2DMode":false,"pivot":{"x":0.0,"y":-0.16432815790176392,"z":0.28487861156463625},"rotation":{"x":-0.0949280634522438,"y":-0.6335237622261047,"z":0.07867872714996338,"w":-0.7638363838195801},"size":7.43760347366333,"orthographic":false}