{"cameraMode":{"drawMode":0,"name":"Shaded","section":"Shading Mode"},"sceneLighting":false,"audioPlay":false,"sceneViewState":{"showFog":true,"showMaterialUpdate":false,"showSkybox":true,"showFlares":true,"showImageEffects":true,"showParticleSystems":true},"in2DMode":false,"pivot":{"x":33.29557418823242,"y":-17.295568466186525,"z":-110.24556732177735},"rotation":{"x":-0.14496773481369019,"y":0.4044570326805115,"z":-0.06514748185873032,"w":-0.9006412625312805},"size":384.3022766113281,"orthographic":false}