{"cameraMode":{"drawMode":0,"name":"Shaded","section":"Shading Mode"},"sceneLighting":true,"audioPlay":false,"sceneViewState":{"showFog":true,"showMaterialUpdate":true,"showSkybox":true,"showFlares":true,"showImageEffects":true,"showParticleSystems":true},"in2DMode":false,"pivot":{"x":21.35800552368164,"y":-82.79660034179688,"z":-182.94525146484376},"rotation":{"x":-0.2791907787322998,"y":0.2207244485616684,"z":-0.06610731780529022,"w":-0.9321818947792053},"size":97.34614562988281,"orthographic":false}