{"cameraMode":{"drawMode":0,"name":"Shaded","section":"Shading Mode"},"sceneLighting":false,"audioPlay":false,"sceneViewState":{"showFog":true,"showMaterialUpdate":false,"showSkybox":true,"showFlares":true,"showImageEffects":true,"showParticleSystems":true},"in2DMode":false,"pivot":{"x":-8.940319061279297,"y":2.406338691711426,"z":7.487699508666992},"rotation":{"x":-0.2903095781803131,"y":-0.27560678124427798,"z":0.08766859024763107,"w":-0.9121817350387573},"size":0.7241227626800537,"orthographic":false}