{"cameraMode":{"drawMode":0,"name":"Shaded","section":"Shading Mode"},"sceneLighting":false,"audioPlay":false,"sceneViewState":{"showFog":true,"showMaterialUpdate":false,"showSkybox":true,"showFlares":true,"showImageEffects":true,"showParticleSystems":true},"in2DMode":false,"pivot":{"x":-5.269999980926514,"y":5.320000171661377,"z":17.899999618530275},"rotation":{"x":-0.2903095781803131,"y":-0.27560678124427798,"z":0.08766859024763107,"w":-0.9121817350387573},"size":6.309911727905273,"orthographic":false}